<?xml version="1.0" encoding="UTF-8"?>
<beans xmlns="http://www.springframework.org/schema/beans"
	xmlns:xsi="http://www.w3.org/2001/XMLSchema-instance"
	xmlns:context="http://www.springframework.org/schema/context"
	xmlns:mybatis-spring="http://mybatis.org/schema/mybatis-spring"
	xsi:schemaLocation="http://mybatis.org/schema/mybatis-spring http://mybatis.org/schema/mybatis-spring-1.2.xsd
		http://www.springframework.org/schema/beans https://www.springframework.org/schema/beans/spring-beans.xsd
		http://www.springframework.org/schema/context http://www.springframework.org/schema/context/spring-context-4.3.xsd">
	
	<!-- Root Context: defines shared resources visible to all other web components -->
	<bean id="hikariConfig" class="com.zaxxer.hikari.HikariConfig">
		<property name="driverClassName" 
		value="net.sf.log4jdbc.sql.jdbcapi.DriverSpy" />
		<property name="jdbcUrl" 
		value="jdbc:log4jdbc:oracle:thin:@localhost:1521:XE" />
		<property name="username" value="scott" />
		<property name="password" value="tiger" />
	</bean>	
	
	<bean id="datasource" class="com.zaxxer.hikari.HikariDataSource">
		<constructor-arg ref="hikariConfig" />
	</bean>
	
	<bean id="sqlSessionFactory" class="org.mybatis.spring.SqlSessionFactoryBean">
		<property name="dataSource" ref="datasource"></property>
	</bean>
	
	
	
	
	<!-- navermail설정 -->
<bean id="mailSender" class="org.springframework.mail.javamail.JavaMailSenderImpl"> 
 <property name="host" value="smtp.naver.com"/> <!-- 메이서버 호스트 -->
 <property name="port" value="465"/> <!-- 메이서버 포트번호 -->
 <property name="username" value="lbi5320@naver.com"/> <!-- 자신의 이메일 아이디 -->
 <property name="password" value="GBFW17Y9B5S4"/> <!-- 자신의 비밀번호 -->
   <!-- 보안연결 SSL과 관련된 설정 -->
 <property name="javaMailProperties">
  <props>
  <prop key="mail.smtp.auth">true</prop>
  <prop key="mail.smtp.starttls.enable">true</prop>
  <prop key="mail.smtps.checkserveridentity">true</prop>
  <prop key="mail.smtps.ssl.trust">*</prop>
  <prop key="mail.debug">true</prop>
  <prop key="mail.smtp.socketFactory.class">javax.net.ssl.SSLSocketFactory</prop>
  </props>
 </property>
</bean>
	
	
	
	
	
	
	<mybatis-spring:scan base-package="com.shop.mapper"/>
	<context:component-scan base-package="com.shop.model"></context:component-scan>
	<context:component-scan base-package="com.shop.service"></context:component-scan>	
		
		
</beans>
